playID,playPerGame,gameID,result
25953,6,1,1
7027,14,1,1
21697,23,1,2
6627,43,1,1
5766,45,1,1
5248,54,1,1
2710,55,1,2
6079,64,1,1
5869,72,1,1
8133,83,1,1
4547,112,1,1
13360,114,1,1
13785,127,1,2
18313,133,1,2
13414,163,1,1
16315,183,1,1
17450,194,1,1
84,201,1,1
20735,205,1,2
17646,232,1,1
17884,236,1,1
23249,242,1,1
1536,263,1,1
12382,269,1,1
15699,283,1,1
17949,285,1,2
17259,14,2,1
13998,38,2,1
13726,52,2,1
11861,53,2,1
8099,59,2,1
21026,67,2,3
24477,85,2,1
1526,121,2,1
15241,123,2,1
21724,141,2,2
4382,153,2,1
2786,179,2,1
199,202,2,2
18927,210,2,1
9545,223,2,1
10431,227,2,1
21181,235,2,1
9762,247,2,1
8289,281,2,1
13742,283,2,1
17957,11,3,1
13925,22,3,3
12059,37,3,1
25363,68,3,1
7062,111,3,1
26092,113,3,2
18547,119,3,1
3884,120,3,2
9777,123,3,1
4920,124,3,1
26251,132,3,1
1203,134,3,2
9938,151,3,1
9603,178,3,2
5652,183,3,2
3744,194,3,1
21539,207,3,1
13062,247,3,3
19502,259,3,1
13729,266,3,1
11852,276,3,1
7399,290,3,1
423,6,4,1
9390,11,4,1
900,16,4,2
8542,62,4,2
8770,75,4,1
15940,77,4,1
20883,104,4,2
21689,106,4,1
12684,107,4,1
15551,113,4,1
15889,172,4,1
25268,185,4,1
3167,207,4,1
5481,216,4,1
21299,226,4,1
22344,229,4,1
17482,30,5,1
17478,35,5,1
6736,47,5,1
16967,52,5,1
6285,66,5,1
8363,74,5,1
2417,76,5,1
15234,91,5,1
1315,93,5,1
4835,118,5,1
12583,130,5,1
8845,135,5,1
4527,151,5,1
17556,174,5,1
1056,179,5,1
8221,189,5,1
15535,190,5,1
10626,196,5,1
17792,211,5,1
20357,220,5,1
22359,228,5,1
22163,248,5,1
17331,261,5,1
5303,266,5,1
14944,270,5,1
14664,275,5,1
23275,279,5,3
2730,283,5,1
26239,289,5,1
8196,21,6,1
1209,26,6,1
16816,31,6,1
18794,42,6,2
9955,47,6,1
24748,59,6,1
8401,61,6,1
15145,69,6,1
18787,80,6,2
18840,103,6,1
22687,110,6,1
8235,111,6,3
16901,117,6,1
26284,125,6,3
10656,130,6,1
16451,133,6,1
14631,142,6,1
7058,147,6,1
13326,152,6,1
24791,160,6,1
13629,166,6,1
1956,167,6,2
14460,170,6,1
1127,176,6,1
11305,191,6,1
21224,194,6,1
15410,197,6,1
21577,198,6,2
666,203,6,1
22018,206,6,1
6922,217,6,2
7437,224,6,1
9179,229,6,1
12323,246,6,1
2773,250,6,1
6253,255,6,2
8714,257,6,1
7955,9,7,1
15757,14,7,1
9687,21,7,1
5392,33,7,1
6638,36,7,1
25091,68,7,1
18684,90,7,1
1678,91,7,1
18499,96,7,1
12726,113,7,1
8605,116,7,1
2321,126,7,1
20134,131,7,1
20511,146,7,1
1707,153,7,1
22475,157,7,1
9349,158,7,3
9339,159,7,1
15303,160,7,1
4169,162,7,1
16558,176,7,1
2353,216,7,1
20932,226,7,1
8166,230,7,1
23270,262,7,1
22493,266,7,1
114,270,7,1
14238,274,7,1
6874,282,7,1
4360,22,8,1
21251,28,8,1
8536,60,8,1
23286,61,8,1
24835,67,8,1
15735,87,8,1
3276,115,8,1
8772,126,8,2
20046,150,8,1
25493,153,8,1
800,157,8,1
24894,167,8,1
14337,182,8,1
11177,186,8,1
7160,188,8,1
26165,203,8,1
18809,205,8,1
20580,14,9,2
21441,23,9,1
8704,28,9,1
7081,33,9,1
17065,36,9,1
5321,42,9,1
6005,46,9,1
16575,67,9,2
3250,75,9,1
12638,76,9,1
4747,80,9,2
5833,99,9,1
24506,106,9,1
26084,112,9,1
6647,118,9,1
12945,125,9,1
15785,131,9,1
12264,141,9,1
11190,142,9,2
12261,154,9,1
17262,187,9,1
3069,191,9,1
23381,197,9,1
4339,203,9,1
20569,209,9,1
15863,212,9,1
7408,248,9,1
6490,278,9,1
20075,310,9,2
8426,4,10,2
19026,7,10,1
25866,12,10,1
19837,21,10,1
24756,42,10,1
20210,74,10,1
23045,91,10,1
7717,109,10,1
6576,133,10,3
2525,135,10,1
24950,136,10,1
15027,155,10,2
8957,156,10,2
6254,163,10,1
24998,213,10,1
24992,219,10,2
6549,29,11,2
8387,36,11,2
3261,55,11,2
14080,77,11,2
13610,119,11,1
22397,141,11,1
17129,153,11,1
6071,154,11,2
12928,171,11,1
8045,201,11,2
7942,205,11,2
16349,227,11,2
24432,28,12,1
24248,87,12,1
20766,93,12,2
7594,145,12,2
17917,150,12,1
5928,163,12,1
20311,212,12,1
6277,226,12,1
14691,231,12,1
10178,241,12,1
677,4,13,2
11804,9,13,2
14160,28,13,1
17721,31,13,1
19326,36,13,2
10762,58,13,1
8104,62,13,1
26208,65,13,1
9712,69,13,1
15477,90,13,1
1232,117,13,1
18121,121,13,2
9904,123,13,1
22935,124,13,3
17238,135,13,2
24421,141,13,1
7332,152,13,1
6827,165,13,1
5840,182,13,1
12444,198,13,1
2499,214,13,2
12842,221,13,1
25875,239,13,1
17226,254,13,2
8687,267,13,1
23603,283,13,1
7648,4,14,1
14693,5,14,1
2810,46,14,1
17444,54,14,1
5519,89,14,1
6573,102,14,1
5089,106,14,1
18427,117,14,1
23811,145,14,1
25807,150,14,2
5852,151,14,2
20041,157,14,1
22980,166,14,1
2397,168,14,2
16053,181,14,1
10173,192,14,1
4639,224,14,1
19755,230,14,1
24056,243,14,1
16594,257,14,2
19196,267,14,1
14322,289,14,1
21350,292,14,2
716,18,15,1
13175,21,15,1
3507,30,15,1
7677,34,15,1
22998,36,15,1
12822,47,15,1
14455,56,15,1
13337,70,15,1
20213,75,15,1
17995,90,15,1
26043,121,15,1
13361,127,15,1
383,130,15,1
18694,135,15,2
2909,173,15,1
232,176,15,1
16513,182,15,1
6956,186,15,1
6541,191,15,1
15438,196,15,1
10957,203,15,1
11337,205,15,1
22724,208,15,2
4083,210,15,1
17447,227,15,1
23201,243,15,1
25128,249,15,1
11112,251,15,2
16684,257,15,1
7401,11,16,2
12179,17,16,2
13547,22,16,2
6227,37,16,1
24029,74,16,2
9220,77,16,2
19353,82,16,1
7299,102,16,1
16399,105,16,1
13917,127,16,2
7133,135,16,1
18425,139,16,2
25057,150,16,1
4807,190,16,1
1486,211,16,1
18970,238,16,1
3534,257,16,1
19171,259,16,1
24529,266,16,1
3942,270,16,2
23431,281,16,1
23150,303,16,1
11133,312,16,2
9646,313,16,1
15415,317,16,1
12327,3,17,2
21605,20,17,1
2250,44,17,2
17507,51,17,1
6302,84,17,1
13274,89,17,2
5948,95,17,1
20894,108,17,1
25688,114,17,3
24645,137,17,1
13462,138,17,1
15171,140,17,1
26277,145,17,1
8247,154,17,1
2721,159,17,2
18534,161,17,1
3979,168,17,1
15276,173,17,2
8281,191,17,1
4871,198,17,1
22548,202,17,1
21173,207,17,1
3514,225,17,2
8641,239,17,1
9667,250,17,2
8532,256,17,1
23586,265,17,3
943,281,17,1
21933,282,17,2
23234,310,17,1
17471,313,17,1
12561,318,17,1
8821,339,17,1
25395,350,17,2
19726,7,18,1
16300,30,18,1
10446,61,18,1
14453,72,18,1
21127,100,18,1
7154,111,18,1
7945,133,18,1
745,137,18,1
13697,152,18,1
23827,153,18,1
20973,161,18,1
26026,164,18,1
849,178,18,1
19071,195,18,1
430,206,18,1
4294,219,18,2
12416,229,18,1
3869,255,18,2
17195,10,19,1
19518,12,19,1
1677,15,19,1
12544,30,19,1
22005,48,19,1
11554,67,19,1
20551,68,19,1
19157,95,19,1
3517,115,19,2
13752,121,19,2
18356,122,19,1
6568,125,19,1
7820,130,19,1
21581,132,19,1
13692,135,19,1
8504,141,19,1
15621,163,19,1
10550,13,20,1
15240,15,20,1
18859,17,20,2
22730,18,20,1
19337,39,20,1
18521,46,20,1
15676,61,20,1
9319,63,20,2
14233,68,20,1
12464,100,20,1
22105,108,20,1
18549,128,20,1
19557,130,20,1
25599,131,20,3
25679,137,20,1
7708,154,20,1
17958,159,20,2
7704,162,20,2
25663,164,20,1
10819,174,20,2
7514,178,20,1
8538,179,20,1
767,180,20,1
3563,208,20,1
1946,210,20,1
5094,220,20,1
5305,234,20,1
17812,241,20,1
24810,257,20,1
13469,260,20,1
21700,262,20,3
14802,265,20,1
12642,6,21,1
17148,43,21,1
2994,46,21,1
1700,55,21,1
18803,65,21,1
13889,68,21,1
23934,77,21,1
16669,83,21,2
653,92,21,2
22755,128,21,2
12150,130,21,1
22540,133,21,1
10075,156,21,1
17175,178,21,1
26202,195,21,1
1253,199,21,1
16921,205,21,2
4576,219,21,1
3141,238,21,1
578,250,21,1
17304,265,21,1
1561,273,21,1
11887,7,22,1
22087,14,22,1
21048,16,22,1
1889,25,22,1
19359,26,22,1
12634,35,22,1
19005,66,22,1
13033,72,22,1
18485,115,22,1
20987,116,22,1
17359,119,22,3
15029,138,22,1
20425,166,22,1
6962,4,23,1
1498,23,23,1
4587,37,23,1
6478,51,23,1
23385,66,23,1
8946,69,23,1
10429,90,23,1
21250,95,23,2
25853,148,23,1
5964,149,23,1
23024,155,23,2
13907,168,23,1
7968,174,23,2
1073,179,23,1
9062,180,23,1
1936,191,23,1
10644,194,23,2
23446,203,23,1
23123,219,23,1
23349,220,23,2
3847,6,24,1
5164,34,24,1
22339,40,24,1
20166,53,24,1
9560,81,24,2
8192,86,24,1
4728,91,24,1
6788,104,24,1
523,107,24,2
20200,124,24,1
24528,137,24,1
22114,144,24,1
25049,167,24,1
20033,192,24,1
5395,196,24,1
26152,198,24,1
14960,201,24,1
19438,208,24,1
17230,230,24,1
26172,235,24,2
12095,12,25,1
18814,24,25,1
19586,33,25,2
21220,37,25,1
2757,47,25,2
20317,75,25,1
25100,93,25,1
19323,94,25,2
3125,118,25,1
13506,121,25,1
11566,125,25,1
16954,176,25,1
23264,193,25,1
24033,203,25,1
12963,221,25,1
3987,226,25,1
19351,238,25,1
12457,242,25,1
7490,243,25,2
6157,246,25,1
24611,6,26,2
11902,9,26,2
7038,29,26,2
3573,37,26,1
11278,62,26,1
19437,72,26,1
9297,81,26,1
4818,95,26,1
22673,111,26,1
6102,128,26,1
26233,139,26,1
13344,143,26,1
20123,154,26,1
20500,181,26,1
16151,210,26,1
50,219,26,1
5698,224,26,1
9399,247,26,1
8010,250,26,1
14817,2,27,1
21921,39,27,1
1625,41,27,1
16664,58,27,1
4656,76,27,1
17571,85,27,1
10814,100,27,1
20634,108,27,1
6584,114,27,1
9959,117,27,1
24875,121,27,1
19084,162,27,1
11780,181,27,1
23861,185,27,1
2916,225,27,1
22983,6,28,1
7857,10,28,2
15279,12,28,1
13812,25,28,1
4369,29,28,1
21262,35,28,1
15266,41,28,1
23165,42,28,1
10430,44,28,1
14237,45,28,1
15475,48,28,1
5731,57,28,1
515,64,28,2
1025,74,28,1
23004,80,28,1
15517,93,28,1
21075,98,28,1
4926,102,28,1
11709,103,28,1
14108,126,28,1
11411,143,28,2
22027,177,28,1
5142,182,28,1
21020,185,28,2
11135,192,28,1
9755,197,28,1
7432,207,28,1
18714,229,28,1
19468,285,28,1
21621,294,28,2
17047,298,28,1
24581,303,28,1
11849,334,28,3
18447,3,29,2
12415,20,29,1
18461,40,29,1
6537,54,29,1
8405,71,29,1
4650,75,29,2
11262,97,29,2
4953,103,29,1
5379,108,29,1
7714,109,29,1
20199,129,29,1
18984,130,29,1
1070,150,29,1
11732,184,29,1
7569,201,29,2
1199,226,29,2
6235,250,29,1
7497,286,29,1
7669,16,30,1
2200,27,30,2
14771,77,30,1
23433,83,30,1
5286,96,30,1
24736,102,30,1
24762,108,30,2
19433,118,30,1
15160,125,30,2
22271,155,30,1
20010,171,30,1
1091,180,30,2
16109,208,30,1
13353,219,30,2
12725,230,30,1
1726,235,30,1
14213,239,30,1
9183,248,30,1
10764,260,30,1
12762,268,30,1
13155,273,30,1
19459,283,30,1
15968,16,31,1
16467,48,31,2
10242,60,31,1
14705,80,31,2
11221,84,31,1
1162,116,31,2
10907,117,31,1
7246,123,31,2
21607,133,31,1
6483,148,31,1
1142,152,31,1
4386,158,31,1
10268,193,31,1
2815,198,31,1
11668,215,31,3
8747,221,31,1
7394,230,31,1
19331,238,31,1
14417,257,31,1
25869,32,32,1
3741,48,32,1
13586,53,32,2
11256,55,32,1
2120,86,32,2
12312,95,32,1
1725,97,32,1
1727,115,32,1
7248,132,32,1
11426,137,32,1
14361,159,32,1
10586,168,32,1
4181,169,32,3
18129,175,32,3
21601,190,32,2
11343,196,32,1
7457,206,32,1
1532,241,32,1
23248,248,32,1
22633,297,32,1
15324,304,32,1
9414,305,32,3
3155,313,32,2
4456,344,32,1
24852,16,33,1
1455,22,33,2
10608,30,33,1
4619,53,33,1
18613,82,33,1
13482,98,33,1
13488,100,33,1
3380,167,33,1
904,185,33,1
13135,202,33,1
15245,213,33,1
2897,236,33,1
13526,245,33,1
12353,249,33,2
15025,9,34,1
3653,20,34,1
17025,21,34,1
16354,22,34,1
26049,26,34,1
11680,35,34,1
19640,43,34,2
3067,48,34,2
3147,70,34,1
15490,97,34,1
15480,111,34,1
22830,131,34,1
9947,137,34,1
9973,140,34,1
12983,150,34,2
24313,162,34,2
8769,183,34,1
15363,194,34,1
9487,202,34,1
18644,207,34,1
11914,209,34,1
10830,219,34,1
18535,244,34,1
7856,279,34,1
22080,282,34,1
11366,285,34,1
2845,2,35,2
319,24,35,1
1139,27,35,1
18899,38,35,1
18910,45,35,1
4584,54,35,1
22380,58,35,1
4195,63,35,1
23159,67,35,1
10585,92,35,1
8861,110,35,2
22649,129,35,1
18034,148,35,3
2553,154,35,2
21522,159,35,1
25812,164,35,1
24906,180,35,2
10833,186,35,1
1619,194,35,1
14484,196,35,1
117,206,35,2
5168,240,35,1
12820,248,35,1
21850,254,35,1
1773,263,35,2
22995,268,35,1
20613,272,35,1
25639,293,35,1
21549,315,35,2
11474,13,36,1
24818,20,36,1
18551,74,36,1
9932,89,36,1
1958,96,36,1
7175,129,36,1
11084,132,36,1
20230,149,36,1
21781,168,36,1
18478,182,36,1
22884,188,36,1
7440,205,36,1
22738,219,36,1
1008,258,36,1
4397,12,37,1
19855,28,37,1
20076,45,37,1
17019,59,37,1
18862,65,37,1
20407,67,37,1
10400,78,37,1
5785,92,37,1
9141,99,37,1
3999,117,37,1
25362,123,37,1
13382,138,37,1
21051,158,37,3
14755,161,37,1
21309,163,37,1
9926,192,37,1
12210,1,38,1
23278,15,38,1
149,20,38,1
19709,45,38,1
7617,47,38,2
16765,57,38,1
10542,59,38,1
654,92,38,1
12152,103,38,1
19923,114,38,1
21219,121,38,2
662,142,38,1
21216,143,38,1
9533,148,38,1
11656,173,38,1
7428,189,38,1
6712,195,38,1
478,198,38,1
25576,206,38,1
15204,213,38,1
16230,230,38,1
8507,231,38,1
7241,236,38,1
25393,239,38,1
363,249,38,1
1406,263,38,1
5338,270,38,1
16826,16,39,1
13286,50,39,1
24751,55,39,1
21498,69,39,1
20470,71,39,1
24658,110,39,1
24420,127,39,1
16635,130,39,1
20252,131,39,1
24105,137,39,1
20216,146,39,1
16212,154,39,1
1702,159,39,1
18203,163,39,2
2151,164,39,1
19799,183,39,1
12317,222,39,1
25154,247,39,1
8098,255,39,1
19885,3,40,1
21982,30,40,1
672,42,40,1
15008,46,40,2
13231,61,40,1
22036,82,40,2
15873,97,40,1
1103,117,40,1
10097,118,40,1
9320,124,40,1
1016,158,40,2
17551,163,40,1
20610,165,40,1
24602,171,40,1
17537,195,40,1
3291,222,40,1
8246,228,40,1
24576,236,40,1
23458,237,40,1
22162,249,40,1
6605,253,40,1
5653,263,40,1
21109,303,40,1
16205,309,40,1
1636,310,40,1
18173,341,40,1
5949,351,40,1
1565,356,40,1
2761,366,40,1
25218,371,40,1
15049,374,40,1
21420,377,40,1
964,7,41,1
5451,15,41,1
21771,20,41,1
13709,21,41,1
3419,29,41,2
77,36,41,2
10250,40,41,1
20557,50,41,1
1671,55,41,1
5139,73,41,1
8743,84,41,1
6747,86,41,1
13781,95,41,1
16504,100,41,1
20530,107,41,1
13964,117,41,1
22726,120,41,1
11834,122,41,1
14675,127,41,1
5553,144,41,1
8619,167,41,1
2809,170,41,2
23518,187,41,2
3791,199,41,2
12745,208,41,1
9354,219,41,1
3691,225,41,1
16494,262,41,1
14437,271,41,1
23164,277,41,2
16074,303,41,1
12073,330,41,1
8913,3,42,2
3786,8,42,1
3130,9,42,1
13449,19,42,1
4954,24,42,1
2964,39,42,2
579,63,42,1
25609,66,42,1
17335,77,42,1
5609,135,42,1
3020,139,42,2
18335,143,42,1
9130,147,42,2
10289,152,42,1
12863,195,42,1
21317,204,42,1
14761,212,42,2
21078,217,42,1
2268,236,42,1
22811,272,42,1
2960,5,43,1
20343,21,43,1
2109,27,43,1
15343,52,43,1
16278,60,43,1
18125,71,43,1
21837,77,43,1
24698,103,43,1
10160,113,43,2
12065,135,43,1
19823,136,43,2
19440,142,43,1
11931,151,43,1
3759,153,43,1
707,181,43,1
26072,185,43,1
13070,186,43,1
860,192,43,1
18943,198,43,1
18113,201,43,1
1687,214,43,1
14031,218,43,1
4741,224,43,1
17420,2,44,2
12270,11,44,1
24145,13,44,1
2892,19,44,1
13349,26,44,1
7626,32,44,1
5887,64,44,1
19634,91,44,1
3678,110,44,1
20064,113,44,2
20522,120,44,2
16515,122,44,2
21990,123,44,1
16326,141,44,1
106,145,44,1
21743,149,44,2
888,157,44,1
17007,160,44,1
20442,175,44,1
25409,177,44,1
24357,204,44,2
18524,211,44,1
6556,223,44,2
8394,254,44,2
14443,259,44,3
15708,265,44,1
9459,300,44,1
23774,304,44,1
26131,318,44,1
25060,325,44,1
24633,326,44,1
602,330,44,1
11409,333,44,1
14344,340,44,2
26119,57,45,3
19984,81,45,2
23307,84,45,1
12676,134,45,1
4257,136,45,2
11093,147,45,1
18207,152,45,1
23484,156,45,1
1955,165,45,2
20231,172,45,1
2144,186,45,2
7821,205,45,1
20545,231,45,1
23696,241,45,2
6879,12,46,1
10756,13,46,1
14863,25,46,1
11563,40,46,1
4839,61,46,2
1749,64,46,1
2412,69,46,1
21627,136,46,1
24601,143,46,2
7683,161,46,1
17776,176,46,1
18582,186,46,1
13192,190,46,1
23764,209,46,1
24003,12,47,1
15651,19,47,2
10018,26,47,1
9723,68,47,1
13735,94,47,1
6445,97,47,1
12534,114,47,1
22934,116,47,3
4642,139,47,1
11707,142,47,1
26258,150,47,1
5945,165,47,1
20461,169,47,1
18420,195,47,1
23119,207,47,1
11626,215,47,2
17821,221,47,1
21359,243,47,1
12628,3,48,1
9776,4,48,2
7891,8,48,1
6078,35,48,1
3764,40,48,1
21686,43,48,1
21104,69,48,1
13475,77,48,1
12950,81,48,1
8694,89,48,1
11720,119,48,1
18592,132,48,1
982,133,48,3
3080,175,48,1
23973,181,48,1
21427,199,48,1
17472,207,48,1
12100,14,49,1
12254,21,49,1
5396,26,49,1
26151,27,49,1
20353,63,49,2
19403,70,49,1
11417,73,49,2
2696,77,49,1
22667,104,49,1
17313,106,49,1
20922,112,49,1
3304,123,49,1
14601,145,49,2
17780,150,49,1
17095,154,49,1
5085,162,49,2
5915,201,49,1
25186,206,49,1
5191,239,49,1
6393,255,49,1
21567,269,49,1
10690,18,50,2
9381,64,50,1
21760,68,50,1
19903,76,50,1
13105,82,50,1
18709,84,50,1
23076,91,50,1
2853,92,50,2
2052,112,50,2
7589,117,50,1
13415,118,50,1
3690,124,50,1
2866,146,50,1
16380,177,50,1
6476,181,50,1
20800,186,50,1
4707,188,50,1
22131,191,50,1
3520,215,50,1
9440,220,50,1
24620,224,50,1
6061,233,50,1
19576,239,50,1
3559,247,50,2
4259,252,50,1
19022,275,50,1
10481,278,50,1
10639,279,50,1
2221,287,50,1
985,292,50,1
4253,297,50,1
3929,6,51,2
1601,7,51,1
15344,20,51,1
20875,39,51,1
23573,59,51,1
9809,69,51,1
22159,76,51,1
17391,101,51,1
10175,105,51,1
4003,129,51,1
16301,148,51,1
18552,175,51,1
12202,200,51,1
16886,220,51,2
10683,227,51,1
23481,234,51,1
17237,239,51,2
6359,3,52,1
163,13,52,1
7786,29,52,1
24569,40,52,1
7971,50,52,1
7033,56,52,1
23571,65,52,1
18230,72,52,1
14640,81,52,1
12532,100,52,1
25585,118,52,1
21804,134,52,2
7202,142,52,1
9992,147,52,1
5837,151,52,1
23887,163,52,1
5227,188,52,1
7054,218,52,1
16206,224,52,1
24782,229,52,1
24436,230,52,2
10234,237,52,1
21415,276,52,1
189,279,52,1
22752,288,52,1
18053,302,52,2
10552,307,52,1
10269,312,52,2
12595,327,52,1
21196,331,52,1
6401,9,53,1
2148,23,53,1
23493,35,53,1
4505,52,53,2
25316,107,53,3
7630,108,53,1
15038,112,53,1
11773,129,53,1
25219,131,53,1
2750,137,53,1
7481,142,53,2
17164,157,53,1
299,162,53,1
7460,166,53,1
93,172,53,1
17166,188,53,1
20082,204,53,1
401,210,53,1
6949,224,53,1
24080,251,53,1
22965,261,53,1
19290,3,54,1
12142,6,54,1
4089,29,54,2
3222,33,54,1
2645,37,54,2
18437,51,54,2
12779,52,54,2
10397,67,54,2
6887,74,54,1
22471,100,54,1
13239,111,54,1
3587,128,54,1
15891,144,54,1
15725,168,54,1
8850,181,54,1
22560,191,54,2
7893,215,54,1
15125,219,54,1
21069,221,54,1
25656,224,54,2
17623,225,54,2
19027,236,54,1
14948,247,54,1
20056,253,54,1
24801,2,55,1
19181,21,55,1
14590,32,55,2
24082,51,55,1
15023,59,55,1
2882,64,55,1
3823,78,55,1
12295,86,55,1
10538,96,55,2
24467,106,55,1
13717,138,55,1
14767,10,56,1
11488,13,56,1
1577,27,56,3
6052,38,56,2
15721,53,56,1
11643,66,56,1
14312,73,56,1
26170,86,56,1
8448,99,56,1
3641,119,56,1
9175,128,56,1
6100,150,56,1
17673,155,56,1
8086,168,56,1
15292,175,56,1
2050,181,56,1
9836,201,56,1
5820,205,56,1
11678,216,56,1
26213,236,56,1
22908,241,56,1
12657,280,56,1
972,315,56,1
3731,316,56,1
7713,331,56,1
24766,345,56,1
19232,370,56,1
4040,2,57,1
19305,24,57,1
16962,41,57,1
25300,51,57,1
10734,58,57,1
19044,71,57,1
899,76,57,1
6740,95,57,1
21389,98,57,2
1837,108,57,1
15263,117,57,1
5465,128,57,1
258,136,57,1
12764,142,57,2
25789,158,57,1
7720,186,57,2
21664,28,58,1
7121,34,58,1
19642,64,58,2
4577,93,58,1
14474,95,58,2
18217,107,58,1
2689,127,58,2
7975,131,58,1
10480,133,58,2
23628,151,58,1
5827,155,58,1
7072,157,58,1
10894,167,58,1
5903,168,58,2
12308,43,59,1
3415,48,59,1
16137,59,59,1
4523,73,59,1
3384,87,59,1
8402,120,59,2
2119,137,59,2
25462,145,59,1
22895,155,59,1
17277,161,59,1
7221,177,59,1
7232,180,59,2
12170,197,59,2
4786,233,59,2
13613,237,59,1
1197,268,59,3
18801,8,60,1
10681,14,60,1
18006,46,60,1
4037,71,60,1
1174,102,60,1
11111,133,60,1
26022,135,60,1
10619,159,60,2
3143,220,60,2
9357,238,60,1
21040,241,60,2
15664,251,60,2
17270,13,61,1
6493,27,61,2
161,34,61,1
18855,57,61,1
13671,58,61,1
3859,62,61,1
22932,97,61,1
25426,116,61,1
11759,143,61,1
7101,154,61,3
9013,164,61,1
21861,186,61,1
10307,193,61,2
2457,200,61,1
18218,208,61,1
11170,222,61,1
15177,226,61,1
7354,261,61,1
19593,268,61,2
4289,280,61,1
3012,281,61,1
20493,291,61,1
9995,293,61,1
10561,8,62,1
22408,14,62,1
7282,17,62,1
17022,30,62,1
8986,40,62,1
11232,63,62,1
5891,73,62,1
8293,80,62,1
19361,109,62,1
3251,116,62,1
25746,130,62,1
6975,138,62,1
20853,147,62,1
6610,168,62,1
10003,192,62,2
6599,193,62,1
2535,205,62,1
8033,208,62,2
24777,211,62,3
11422,243,62,1
3269,258,62,1
9682,272,62,1
4664,280,62,1
7506,288,62,1
12894,305,62,1
12306,308,62,1
8118,310,62,1
5149,315,62,1
19495,321,62,1
2381,325,62,1
7840,332,62,1
22528,334,62,1
26034,353,62,1
21284,358,62,1
24830,22,63,2
24230,29,63,1
20996,33,63,1
2087,39,63,1
12632,45,63,1
5226,53,63,1
9929,74,63,1
17945,84,63,1
21688,87,63,1
16190,92,63,1
7535,95,63,1
14956,98,63,1
2222,132,63,1
560,158,63,1
4293,160,63,1
8258,172,63,1
6217,174,63,1
19421,178,63,1
7711,191,63,1
13429,201,63,1
10633,207,63,1
8856,211,63,1
24097,233,63,1
6725,243,63,1
19695,248,63,1
3637,260,63,1
13707,266,63,1
655,270,63,1
4809,7,64,1
19077,22,64,2
23681,39,64,1
10536,52,64,1
8749,84,64,2
20749,94,64,1
25305,100,64,1
20101,102,64,1
21386,106,64,3
16223,123,64,1
5188,131,64,1
11658,165,64,1
16850,177,64,1
26267,181,64,1
7691,182,64,2
25050,238,64,1
24435,254,64,2
23466,261,64,1
6607,263,64,1
7861,294,64,1
13859,355,64,2
4781,15,65,1
18421,27,65,2
12681,42,65,1
3974,49,65,1
12627,68,65,1
24284,105,65,1
11470,125,65,1
328,133,65,1
13760,167,65,1
17754,197,65,1
19409,213,65,1
22603,251,65,1
8962,278,65,2
23222,289,65,1
15485,3,66,1
6898,22,66,2
23068,23,66,1
25341,25,66,1
6695,32,66,1
13156,45,66,1
10000,63,66,2
12060,103,66,1
1112,126,66,1
18740,144,66,1
14016,149,66,1
22497,154,66,2
3985,159,66,1
2400,161,66,1
7568,165,66,1
10806,207,66,1
25038,229,66,1
4636,237,66,1
26302,54,67,2
24685,55,67,1
14403,65,67,1
17355,95,67,1
5672,111,67,1
19864,118,67,1
4516,131,67,1
11808,138,67,2
20758,159,67,3
24411,165,67,1
13874,173,67,1
24701,2,68,1
25810,10,68,1
3769,11,68,1
11910,20,68,1
23040,25,68,1
8557,50,68,1
11728,59,68,1
15924,75,68,1
19764,76,68,1
7881,86,68,1
11155,87,68,1
5233,102,68,1
24783,130,68,2
7053,135,68,2
9601,149,68,1
1643,152,68,1
16883,155,68,1
11941,165,68,1
25972,166,68,3
3758,173,68,1
6494,192,68,1
9756,204,68,1
14910,206,68,1
5886,212,68,1
16538,215,68,1
13101,216,68,1
23828,228,68,1
4828,243,68,1
19861,247,68,1
15250,262,68,1
4526,273,68,1
9622,13,69,1
1827,32,69,2
6029,35,69,1
434,47,69,1
13201,61,69,3
4530,70,69,1
9520,100,69,1
18507,150,69,1
13373,193,69,1
11029,208,69,1
5298,226,69,1
10128,231,69,1
17834,243,69,1
7344,248,69,1
7029,258,69,2
3853,4,70,1
6387,8,70,1
4072,11,70,1
11449,19,70,1
10273,23,70,1
23670,38,70,1
25902,46,70,1
12598,48,70,1
16016,51,70,1
5657,63,70,1
12436,72,70,1
19677,77,70,2
20965,80,70,1
4892,104,70,1
25333,112,70,2
11194,116,70,1
8097,123,70,1
10589,125,70,1
13504,128,70,1
822,142,70,2
4690,152,70,1
10413,157,70,1
21005,158,70,1
8579,167,70,1
1810,183,70,1
15465,192,70,1
18643,209,70,1
2458,222,70,1
24334,226,70,1
8244,242,70,1
15718,256,70,1
16581,261,70,1
21053,270,70,1
9781,293,70,2
24501,302,70,1
10496,312,70,1
6095,317,70,1
25528,320,70,1
1100,330,70,1
21563,40,71,1
18468,48,71,1
6964,50,71,2
11103,97,71,1
12623,135,71,1
5825,141,71,1
4678,173,71,1
8194,185,71,1
20456,189,71,1
23886,194,71,1
14045,199,71,1
26254,203,71,1
18568,217,71,1
13179,221,71,1
1793,241,71,1
14813,264,71,1
10471,269,71,1
24901,282,71,1
8885,290,71,1
23819,302,71,1
13024,323,71,1
5061,325,71,1
25987,5,72,1
21838,11,72,1
17734,26,72,1
3466,33,72,2
21846,36,72,1
7416,39,72,1
4901,44,72,1
3236,61,72,1
12434,64,72,1
12030,69,72,1
18236,70,72,2
13219,83,72,1
14197,93,72,1
19123,118,72,1
10290,126,72,1
14841,130,72,1
2842,133,72,2
3996,143,72,1
23292,158,72,1
12640,163,72,1
18772,181,72,1
16576,184,72,1
22948,186,72,2
17755,187,72,1
19153,192,72,1
25738,196,72,1
20332,202,72,2
3941,226,72,1
12235,233,72,1
16429,254,72,2
15360,269,72,1
22084,9,73,1
16845,18,73,1
24606,21,73,1
2532,27,73,2
7917,30,73,1
5626,35,73,1
15358,46,73,2
8653,59,73,1
3525,61,73,1
24760,84,73,1
17835,85,73,1
18633,91,73,1
2152,123,73,2
5240,141,73,1
16968,179,73,1
12560,194,73,1
18700,203,73,1
16972,209,73,1
2319,210,73,1
14398,212,73,1
21243,245,73,1
4317,280,73,1
4513,284,73,1
9631,289,73,1
3858,290,73,1
19016,2,74,1
14492,5,74,1
7744,24,74,1
806,29,74,2
24890,30,74,1
13649,84,74,1
8333,96,74,1
2747,110,74,1
18286,111,74,3
23701,118,74,1
23140,126,74,1
10913,128,74,1
2173,134,74,2
13705,139,74,1
15058,145,74,1
16745,154,74,1
23389,161,74,1
15306,165,74,1
17731,182,74,2
13512,194,74,1
7262,206,74,1
23405,209,74,1
15430,210,74,1
3852,231,74,1
906,239,74,1
3104,255,74,1
9126,260,74,2
17883,279,74,1
20144,282,74,1
133,298,74,1
20846,303,74,1
14803,2,75,1
19007,5,75,1
751,19,75,1
10366,27,75,1
23930,36,75,1
16176,44,75,1
21649,55,75,1
26124,65,75,1
17573,68,75,1
21889,72,75,1
22655,75,75,1
7904,85,75,1
8999,95,75,1
16958,112,75,1
16339,160,75,1
7478,182,75,1
10582,199,75,1
4570,202,75,1
24482,204,75,1
10158,205,75,1
18304,217,75,1
3059,218,75,1
12326,232,75,3
5172,256,75,1
17383,260,75,2
6451,6,76,1
9313,8,76,1
16055,19,76,1
11755,37,76,1
13750,55,76,1
14454,81,76,1
6849,100,76,1
23501,109,76,2
9978,142,76,1
13097,162,76,1
885,202,76,1
16008,206,76,2
8360,208,76,1
9215,225,76,1
3395,248,76,1
6579,271,76,1
1589,281,76,1
10635,283,76,2
20870,286,76,1
4115,22,77,1
16772,44,77,1
19516,46,77,1
7452,58,77,1
11836,72,77,1
471,100,77,1
20062,107,77,1
1250,112,77,2
10154,117,77,2
17009,121,77,1
16688,132,77,1
12431,147,77,1
7461,153,77,1
7635,159,77,1
12586,167,77,1
18532,196,77,2
17488,208,77,1
20150,218,77,2
6291,233,77,1
6976,234,77,1
11241,260,77,1
921,263,77,1
918,268,77,1
16619,288,77,1
18223,293,77,1
21145,313,77,1
5063,323,77,1
7888,10,78,1
18147,12,78,2
11482,13,78,1
8644,19,78,2
13855,24,78,1
15910,29,78,1
17759,44,78,1
13270,47,78,3
12867,51,78,1
22589,58,78,1
17833,66,78,1
15562,75,78,1
23453,78,78,1
18634,81,78,1
17327,103,78,1
20383,114,78,1
14975,118,78,1
25279,122,78,2
24803,130,78,1
1132,137,78,1
25083,139,78,1
6159,161,78,2
11615,173,78,2
21879,189,78,1
13440,208,78,1
190,231,78,1
4340,232,78,1
1514,238,78,2
7431,251,78,1
11991,253,78,1
6966,265,78,1
3391,269,78,2
20292,305,78,1
9833,315,78,1
20263,323,78,1
1853,332,78,1
20198,12,79,1
14931,19,79,2
6807,44,79,1
7030,58,79,1
8023,62,79,1
24430,64,79,1
13297,94,79,1
22588,100,79,1
25818,103,79,1
20034,105,79,2
1683,110,79,1
16128,133,79,2
19934,149,79,1
7188,152,79,1
23849,154,79,1
23731,166,79,1
23872,173,79,1
4408,176,79,1
2920,207,79,1
22947,212,79,1
1627,245,79,1
10233,255,79,2
20656,262,79,1
22679,266,79,1
3340,267,79,1
20385,273,79,1
24453,274,79,1
18279,287,79,1
21800,19,80,1
4692,25,80,1
20457,57,80,1
12826,60,80,1
20215,119,80,1
6428,148,80,1
2477,155,80,1
15386,156,80,2
3819,164,80,1
19904,190,80,1
1517,246,80,1
2021,252,80,1
9010,253,80,1
25283,258,80,1
15811,259,80,1
1849,264,80,1
13782,7,81,1
25916,15,81,3
23380,31,81,2
18288,32,81,2
18124,48,81,1
2772,64,81,1
20395,74,81,1
10923,84,81,1
2031,112,81,1
413,115,81,1
11798,135,81,1
8059,162,81,1
3036,173,81,1
5491,176,81,1
22959,196,81,2
15665,4,82,1
23512,14,82,2
5593,17,82,1
10935,22,82,1
5562,62,82,1
1192,109,82,2
23620,111,82,2
881,113,82,2
8067,115,82,2
17381,120,82,2
20602,169,82,1
17533,178,82,1
13578,184,82,1
21853,189,82,2
22217,192,82,1
7108,201,82,1
24405,212,82,1
2110,217,82,1
10224,245,82,1
5529,247,82,2
8470,5,83,1
3541,24,83,1
12098,25,83,1
17587,28,83,1
3314,36,83,1
9580,55,83,1
16416,65,83,1
19781,69,83,1
23761,73,83,1
25677,82,83,2
14548,87,83,2
21422,100,83,1
15408,101,83,3
16974,112,83,3
13347,123,83,1
23834,125,83,3
19508,130,83,1
11786,134,83,1
9162,139,83,1
11851,145,83,1
3052,149,83,1
14737,154,83,1
15483,159,83,1
22904,160,83,3
1145,161,83,3
4574,162,83,2
8319,183,83,1
14886,200,83,1
18059,202,83,2
8371,203,83,1
10740,204,83,2
18857,211,83,1
20748,229,83,1
17702,240,83,1
6671,243,83,1
1529,250,83,2
9129,258,83,1
5606,277,83,1
21306,295,83,1
16400,306,83,1
23736,311,83,2
10605,319,83,2
21027,4,84,2
21602,6,84,1
13939,8,84,2
7091,11,84,1
9314,44,84,1
24280,47,84,1
6663,59,84,2
20811,75,84,1
12922,81,84,1
13451,97,84,1
7902,131,84,1
13762,135,84,1
11595,149,84,1
20176,151,84,1
25634,157,84,1
19964,159,84,1
24376,167,84,2
2279,189,84,1
22665,197,84,1
17318,228,84,2
4035,234,84,2
1155,239,84,1
3797,243,84,1
14551,247,84,1
4034,262,84,1
8513,267,84,1
15406,276,84,2
20185,11,85,1
4743,35,85,1
18341,43,85,1
10450,45,85,1
4405,49,85,1
3752,56,85,1
18615,68,85,2
21550,84,85,1
16642,85,85,2
2589,91,85,1
14462,102,85,1
16110,105,85,2
15422,144,85,1
3651,148,85,2
4122,153,85,1
21992,179,85,1
33,186,85,1
1851,190,85,2
7271,231,85,1
18870,246,85,1
24546,23,86,1
6643,24,86,1
11943,29,86,2
8564,50,86,1
23695,101,86,1
15221,104,86,1
1290,107,86,1
4087,132,86,1
14539,142,86,1
16324,159,86,1
7815,164,86,1
6272,168,86,1
20098,223,86,1
25785,243,86,2
23082,5,87,1
7790,130,87,1
7205,133,87,2
7531,181,87,1
18016,182,87,1
4866,217,87,1
13980,4,88,1
18480,20,88,1
69,22,88,2
15043,24,88,2
13122,29,88,1
21611,63,88,1
3148,69,88,1
21201,94,88,1
7475,105,88,1
20412,122,88,1
16017,125,88,2
26018,133,88,1
24277,162,88,1
15098,164,88,1
17715,167,88,1
4008,182,88,1
5025,191,88,1
2824,197,88,1
10595,201,88,1
12195,221,88,1
20848,223,88,1
14759,225,88,1
4754,238,88,1
13427,257,88,1
22574,258,88,1
22220,260,88,1
2097,274,88,2
24949,285,88,1
6425,301,88,2
7636,25,89,1
25185,41,89,3
4153,80,89,1
20450,86,89,1
16060,91,89,1
205,112,89,1
11027,120,89,1
8176,138,89,1
1342,143,89,1
16396,156,89,1
25936,164,89,1
14579,170,89,1
3958,191,89,1
8418,208,89,1
18213,217,89,1
6221,232,89,1
26195,237,89,1
12690,260,89,2
8683,271,89,2
11525,273,89,2
23590,277,89,1
12850,13,90,1
25256,22,90,1
14163,23,90,1
24212,32,90,1
20796,49,90,1
19117,63,90,1
20157,74,90,1
10876,82,90,1
19742,92,90,2
15689,97,90,2
200,100,90,1
15102,111,90,1
17532,136,90,1
23745,151,90,1
9561,166,90,1
15129,169,90,2
6640,176,90,1
21530,186,90,2
17818,189,90,1
16996,205,90,1
22140,241,90,1
6317,267,90,1
25512,286,90,1
23766,294,90,1
9448,317,90,2
5584,47,91,1
20293,51,91,2
8929,57,91,1
23959,62,91,1
4312,63,91,2
3237,71,91,1
25558,77,91,1
3376,84,91,1
13134,92,91,1
13657,95,91,2
11451,98,91,1
491,113,91,1
19477,137,91,1
1429,141,91,2
21993,145,91,1
9720,171,91,1
8000,180,91,1
5923,182,91,1
21604,183,91,1
5433,247,91,1
16444,254,91,1
22399,269,91,1
15570,272,91,3
4984,273,91,1
23810,278,91,1
18603,11,92,1
4432,21,92,1
11260,22,92,2
17334,39,92,1
8871,61,92,1
20143,98,92,1
10094,132,92,1
19139,145,92,2
2423,147,92,2
8643,150,92,1
1036,168,92,2
22199,177,92,1
3920,188,92,1
21128,212,92,2
10255,247,92,1
23729,11,93,1
22083,29,93,1
11598,50,93,2
13027,55,93,2
6620,71,93,1
1368,91,93,1
8822,149,93,2
20415,151,93,1
14706,155,93,1
7846,162,93,2
22725,168,93,1
19,169,93,1
2020,176,93,1
22839,188,93,1
13772,199,93,1
6138,209,93,1
230,214,93,1
10120,228,93,1
24884,230,93,1
983,235,93,1
21506,249,93,2
5077,268,93,2
6889,277,93,2
18360,36,94,1
12473,46,94,1
6162,49,94,1
9463,65,94,1
15217,89,94,1
20314,90,94,1
19496,113,94,1
9182,120,94,1
5198,159,94,1
23953,163,94,1
15825,164,94,1
15255,175,94,1
324,180,94,1
13150,185,94,1
16913,186,94,1
16141,190,94,2
8803,194,94,2
2253,221,94,1
9549,251,94,1
4007,257,94,1
509,270,94,1
15655,1,95,1
15489,18,95,2
10156,23,95,1
14149,32,95,2
3670,36,95,1
20158,40,95,1
17906,49,95,1
4875,54,95,1
13073,66,95,1
15083,76,95,1
14496,77,95,1
18327,85,95,1
3016,94,95,1
12488,103,95,1
8667,115,95,1
7345,120,95,1
10213,123,95,1
7735,142,95,1
15515,161,95,1
7492,165,95,1
16832,167,95,1
1028,176,95,1
18759,181,95,1
17950,187,95,1
6400,190,95,3
20329,196,95,1
13630,241,95,1
8345,258,95,1
8508,270,95,1
9648,272,95,1
12570,291,95,1
11136,300,95,1
20928,311,95,3
9625,312,95,1
13389,17,96,1
14859,22,96,1
8522,26,96,1
211,34,96,1
17441,39,96,1
10953,43,96,1
25292,51,96,1
12956,69,96,1
12804,76,96,1
24038,78,96,2
3825,79,96,3
14654,83,96,1
16259,95,96,1
25619,101,96,1
2300,106,96,1
19550,108,96,1
18351,125,96,1
4615,136,96,1
15122,147,96,1
4748,152,96,1
10440,154,96,1
12044,160,96,1
17567,170,96,1
19988,174,96,2
18777,183,96,1
7508,192,96,1
15345,198,96,1
4796,230,96,1
5302,242,96,1
25858,246,96,1
3949,12,97,1
13591,16,97,2
4051,46,97,1
9892,55,97,1
11795,73,97,1
21038,91,97,1
10153,115,97,3
1719,129,97,3
8623,139,97,1
21210,147,97,1
3594,216,97,1
23726,218,97,1
3434,220,97,1
25382,240,97,1
20611,243,97,2
23751,249,97,1
9670,251,97,2
